ncID,ncName
NONHSAG002095,RP4-561L24.3
NONHSAG006075,HNRNPH3
NONHSAG006588,ENTPD1-AS1
NONHSAG007125,CTBP2
NONHSAG008572,C11orf95
NONHSAG009256,DLG2
NONHSAG009258,CREBZF
NONHSAG011390,ATP5B
NONHSAG013949,MIR1792
NONHSAG014187,ANKRD10
NONHSAG015684,EFCAB11
NONHSAG016915,CTD-2184D3.5
NONHSAG017897,AC068831.10
NONHSAG018538,RP11-473I1.10
NONHSAG019500,CRNDE
NONHSAG019755,CTD-2012K14.7
NONHSAG020337,ANKRD11
NONHSAG022004,CRHR1-IT1
NONHSAG022825,SNHG16
NONHSAG023729,LINC00669
NONHSAG024589,CTC-232P5.3
NONHSAG026276,AC018766.4
NONHSAG029330,AC098826.5
NONHSAG031976,ZFAS1
NONHSAG032319,LINC00176
NONHSAG034363,SRGAP3
NONHSAG035045,ARIH2
NONHSAG035680,BBX
NONHSAG035924,CCDC14
NONHSAG040500,KIF2A
NONHSAG040867,CTC-281B15.1
NONHSAG042436,CANX
NONHSAG042608,GMDS
NONHSAG043094,ATXN1
NONHSAG043405,HCG18
NONHSAG044098,LINC00472
NONHSAG044568,CD164
NONHSAG044611,C6orf3
NONHSAG046881,KDELR2
NONHSAG047504,SNHG15
NONHSAG047841,GS1-124K5.3
NONHSAG048271,ACN9
NONHSAG048934,C7orf55
NONHSAG049350,ERICH1-AS1
NONHSAG050102,NONHSAG050102
NONHSAG051258,PVT1
NONHSAG051899,CDKN2B-AS1
NONHSAG052890,RP11-2B6.3
NONHSAG053890,NONHSAG053890
NONHSAG053894,NONHSAG053894
NONHSAG053896,NONHSAG053896
NONHSAG054208,GK-AS1
NONHSAG054345,RP6-99M1.2
NONHSAG054784,JPX
NONHSANOBEDT000113,U2
NONHSAT064049,AC005394.1
NONHSAT144935,SNORD91A
