﻿Index,lncRNA,num
2881,NONHSAG000498,325
5576,NONHSANOBEDT000113,309
4543,NONHSAG008675,164
907,NONHSAG008552,161
3526,NONHSAG000835,159
138,NONHSAG003504,156
8875,NONHSAG052119,154
901,NONHSAG031696,153
715,NONHSAG044283,152
419,NONHSAG014362,151
589,NONHSAG020957,148
6257,NONHSAG031749,147
446,NONHSAG022327,145
754,NONHSAG000840,144
1133,NONHSAG022495,143
4787,NONHSAG048464,143
698,NONHSAG019051,139
8730,NONHSAG026599,139
3456,NONHSAG036783,138
3290,NONHSAG015798,137
171,NONHSAG033691,135
2798,NONHSAG015097,134
3350,NONHSAG050845,134
3438,NONHSAG010307,133
7119,NONHSAG022845,133
8194,NONHSAG002530,133
4602,NONHSAG021914,132
7111,NONHSAG008670,132
9688,NONHSAG054780,132
3212,NONHSAG030059,131
9491,NONHSAG037936,131
6452,NONHSAG034935,130
676,NONHSAG026091,129
629,NONHSAG024903,128
1089,NONHSAG041241,128
3488,NONHSAG041905,128
9207,NONHSAG009779,128
9374,NONHSAG025319,128
1590,NONHSAG013515,127
7049,NONHSAG034508,127
2137,NONHSAG048886,126
2731,NONHSAG000484,126
9666,NONHSAG000536,126
5850,NONHSAG012555,125
8227,NONHSAG016639,125
1823,NONHSAG017952,124
6393,NONHSAG019967,124
7281,NONHSAG007431,124
3052,NONHSAG041293,122
5405,NONHSAG036615,122
5551,NONHSAG044006,122
6242,NONHSAG047097,122
7677,NONHSAG029503,121
2190,NONHSAT144935,119
7188,NONHSAG027894,119
2796,NONHSAG026129,118
5231,NONHSAG022953,118
9076,NONHSAG022078,118
5818,NONHSAG026743,116
4098,NONHSAG014875,115
1283,NONHSAG042500,114
1360,NONHSAG055499,114
7142,NONHSAG002086,114
7178,NONHSAG016861,114
7395,NONHSAG035369,114
364,NONHSAG033480,113
4499,NONHSAG030057,113
4779,NONHSAG054779,113
6979,NONHSAG047966,113
9806,NONHSAG015182,113
1997,NONHSAG020759,112
5425,NONHSAG029628,112
6910,NONHSAG014330,112
8103,NONHSAG004975,112
9221,NONHSAG021329,112
2331,NONHSAG043479,111
2687,NONHSAG008914,111
5619,NONHSAG025992,111
1608,NONHSAG024462,110
2153,NONHSAG040958,110
9692,NONHSAG025906,110
6426,NONHSAG007353,109
6631,NONHSAG030588,108
8859,NONHSAG050405,108
469,NONHSAG043403,107
1061,NONHSAG040081,107
1140,NONHSAG027323,107
1899,NONHSAG026550,107
6951,NONHSAG034326,107
7380,NONHSAG027686,107
9345,NONHSAG024778,107
3473,NONHSAG029956,106
6693,NONHSAG022315,106
6838,NONHSAG050712,106
6850,NONHSAG034336,106
8603,NONHSAG033121,106
2392,NONHSAG053586,105
4716,NONHSAG044346,105
5360,NONHSAG055315,105
8586,NONHSAG007508,105
5746,NONHSAG055008,104
826,NONHSAG009222,103
6822,NONHSAG021361,102
7985,NONHSAG031750,102
8689,NONHSAG022655,102
992,NONHSAG024364,101
2021,NONHSAG024483,101
2827,NONHSAG049268,101
3615,NONHSAG022328,101
4105,NONHSAG054635,101
6661,NONHSAG033168,101
7600,NONHSAG047260,101
9401,NONHSAG018180,101
203,NONHSAG007324,100
204,NONHSAG026274,100
1049,NONHSAG005499,100
1448,NONHSAG023185,100
1573,NONHSAG029377,100
2221,NONHSAG015215,100
5152,NONHSAG042643,100
6173,NONHSAG027920,100
913,NONHSAG024863,99
1193,NONHSAG049031,99
3204,NONHSAG031666,99
3889,NONHSAG022510,99
4012,NONHSAG016915,99
4025,NONHSAG026122,99
5771,NONHSAG033298,99
8201,NONHSAG020190,99
9183,NONHSAG029723,99
6689,NONHSAG030937,98
7044,NONHSAG018796,98
7663,NONHSAG033611,98
5124,NONHSAG042000,97
7269,NONHSAG036047,97
1319,NONHSAG034006,96
1724,NONHSAG048452,96
3612,NONHSAG026053,96
6952,NONHSAG021333,96
8003,NONHSAG018244,96
362,NONHSAG020635,95
1923,NONHSAG019049,95
3478,NONHSAG012505,95
7224,NONHSAG048817,95
7344,NONHSAG014189,95
7669,NONHSAG030227,95
8899,NONHSAG022651,95
691,NONHSAG051270,94
3224,NONHSAG041023,94
3373,NONHSAT064049,94
6713,NONHSAG052891,94
6903,NONHSAG032383,94
7542,NONHSAG029742,94
9415,NONHSAG053716,94
1526,NONHSAG033510,93
4413,NONHSAG026523,93
5227,NONHSAG027709,93
9705,NONHSAG008921,93
69,NONHSAG026712,92
1348,NONHSAG003074,92
2675,NONHSAG003938,92
8490,NONHSAG008992,92
3467,NONHSAG021967,91
4213,NONHSAG015106,91
8611,NONHSAG032803,91
8796,NONHSAG025026,91
9295,NONHSAG008800,91
9321,NONHSAG031025,91
16,NONHSAG007338,90
605,NONHSAG030407,90
2203,NONHSAG030105,90
2721,NONHSAG021454,90
2865,NONHSAG048302,90
3968,NONHSAG011503,90
4355,NONHSAG048603,90
5938,NONHSAG007695,90
6628,NONHSAG026661,90
6642,NONHSAG009706,90
7036,NONHSAG025551,90
9479,NONHSAG021404,90
9539,NONHSAG025051,90
393,NONHSAG040843,89
4882,NONHSAG028424,89
5234,NONHSAG025632,89
6839,NONHSAG001351,89
8502,NONHSAG035347,89
9786,NONHSAG033657,89
3963,NONHSAG001242,88
7288,NONHSAG013555,88
726,NONHSAG009415,87
1761,NONHSAG014338,87
2669,NONHSAG021417,87
4420,NONHSAG019540,87
6181,NONHSAG043391,87
7143,NONHSAG048201,87
8018,NONHSAG025369,87
8364,NONHSAG014515,87
8530,NONHSAG048172,87
9317,NONHSAG034527,87
73,NONHSAG016771,86
932,NONHSAG020583,86
1781,NONHSAG026716,86
2115,NONHSAG041766,86
3496,NONHSAG048769,86
6783,NONHSAG029906,86
7270,NONHSAG032319,86
9641,NONHSAG040308,86
276,NONHSAG008791,85
1957,NONHSAG016770,85
4051,NONHSAG027799,85
6077,NONHSAG047319,85
6945,NONHSAG028948,85
8721,NONHSAG047182,85
501,NONHSAG047002,84
3585,NONHSAG008572,84
8097,NONHSAG030876,84
9664,NONHSAG042502,84
72,NONHSAG018346,83
74,NONHSAG026072,83
1219,NONHSAG018392,83
1265,NONHSAG029003,83
2360,NONHSAG021911,83
3234,NONHSAG028716,83
5638,NONHSAG015454,83
5903,NONHSAG041057,83
6341,NONHSAG032508,83
7300,NONHSAG022347,83
7611,NONHSAG047847,83
7953,NONHSAG015961,83
9473,NONHSAG051562,83
960,NONHSAG021878,82
4415,NONHSAG037137,82
4948,NONHSAG040870,82
6663,NONHSAG027692,82
6907,NONHSAG024350,82
1100,NONHSAG026230,81
1211,NONHSAG026276,81
2197,NONHSAG035348,81
2215,NONHSAG053417,81
2993,NONHSAG025583,81
3260,NONHSAG022057,81
5165,NONHSAG018921,81
8476,NONHSAG025555,81
8778,NONHSAG016741,81
9890,NONHSAG040408,81
593,NONHSAG026720,80
1263,NONHSAG035164,80
1546,NONHSAG033643,80
3492,NONHSAG030236,80
4417,NONHSAG022634,80
6271,NONHSAG030066,80
6465,NONHSAG000579,80
7133,NONHSAG048224,80
1181,NONHSAG029873,79
8869,NONHSAG027570,79
8884,NONHSAG030522,79
1060,NONHSAG050673,78
2489,NONHSAG018397,78
2556,NONHSAG002943,78
3170,NONHSAG017672,78
4583,NONHSAG032573,78
5981,NONHSAG049212,78
6001,NONHSAG047244,78
6555,NONHSAG031557,78
7115,NONHSAG012534,78
1281,NONHSAG025094,77
1312,NONHSAG007444,77
1368,NONHSAG039927,77
1481,NONHSAG035271,77
2422,NONHSAG010366,77
2434,NONHSAG026381,77
2646,NONHSAG041529,77
4599,NONHSAG027321,77
4708,NONHSAG020888,77
5089,NONHSAG029401,77
5600,NONHSAG024783,77
6756,NONHSAG054432,77
9975,NONHSAG025011,77
125,NONHSAG054208,76
2994,NONHSAG031002,76
6300,NONHSAG025010,76
6459,NONHSAG052202,76
7830,NONHSAG013183,76
8756,NONHSAG037411,76
9535,NONHSAG027144,76
9844,NONHSAG023238,76
9932,NONHSAG018821,76
8078,NONHSAG018256,75
8494,NONHSAG019705,75
9326,NONHSAG000648,75
260,NONHSAG028949,74
952,NONHSAG034128,74
4587,NONHSAG048073,74
5674,NONHSAG032406,74
1925,NONHSAG008859,73
2080,NONHSAG018904,73
2490,NONHSAG038486,73
2928,NONHSAG046884,73
9023,NONHSAG009228,73
503,NONHSAG032297,72
854,NONHSAG022161,72
1871,NONHSAG019434,72
3652,NONHSAG026727,72
6799,NONHSAG047604,72
8394,NONHSAG007410,72
8596,NONHSAG005548,72
254,NONHSAG048960,71
1321,NONHSAG006678,71
2768,NONHSAG024666,71
3649,NONHSAG020869,71
5697,NONHSAG026151,71
5853,NONHSAG048510,71
6364,NONHSAG048057,71
7622,NONHSAG023258,71
8373,NONHSAG040601,71
9344,NONHSAG022106,71
1132,NONHSAG049868,70
3030,NONHSAG027778,70
4108,NONHSAG014289,70
4336,NONHSAG034341,70
6250,NONHSAG047086,70
2682,NONHSAG030103,69
5261,NONHSAG033183,69
5308,NONHSAG033073,69
5766,NONHSAG026407,69
8353,NONHSAG048891,69
9481,NONHSAG025378,69
1412,NONHSAG029406,68
1467,NONHSAG019123,68
2216,NONHSAG053763,68
3366,NONHSAG050809,68
3586,NONHSAG053387,68
4216,NONHSAG021882,68
4919,NONHSAG014414,68
5902,NONHSAG013431,68
7533,NONHSAG037582,68
8732,NONHSAG029664,68
9205,NONHSAG029952,68
9727,NONHSAG026020,68
9968,NONHSAG014646,68
520,NONHSAG025089,67
5398,NONHSAG032461,67
6153,NONHSAG013688,67
7233,NONHSAG026721,67
7254,NONHSAG034317,67
9874,NONHSAG034796,67
865,NONHSAG051554,66
1586,NONHSAG021698,66
1704,NONHSAG050750,66
4584,NONHSAG031613,66
6227,NONHSAG037187,66
9156,NONHSAG018294,66
226,NONHSAG020474,65
388,NONHSAG038409,65
540,NONHSAG030802,65
1741,NONHSAG026490,65
2410,NONHSAG012313,65
3125,NONHSAG045213,65
5378,NONHSAG009343,65
5413,NONHSAG041783,65
5430,NONHSAG003658,65
6298,NONHSAG012566,65
6418,NONHSAG030397,65
6671,NONHSAG017245,65
650,NONHSAG024598,64
1106,NONHSAG028748,64
2333,NONHSAG010419,64
3065,NONHSAG025069,64
4095,NONHSAG025052,64
4927,NONHSAG035305,64
5616,NONHSAG048195,64
6885,NONHSAG028460,64
7574,NONHSAG033266,64
9845,NONHSAG012608,64
9900,NONHSAG034973,64
1153,NONHSAG008358,63
4320,NONHSAG037257,63
4910,NONHSAG017910,63
5437,NONHSAG032955,63
8745,NONHSAG031060,63
8886,NONHSAG047001,63
225,NONHSAG025511,62
1844,NONHSAG043598,62
2820,NONHSAG029066,62
6492,NONHSAG040368,62
6845,NONHSAG045430,62
7231,NONHSAG000626,62
8385,NONHSAG017222,62
8525,NONHSAG023237,62
9360,NONHSAG025133,62
9501,NONHSAG047214,62
9504,NONHSAG041085,62
9920,NONHSAG041519,62
615,NONHSAG021338,61
738,NONHSAG030332,61
1898,NONHSAG043371,61
7458,NONHSAG040136,61
8256,NONHSAG007767,61
8351,NONHSAG006735,61
8813,NONHSAG024818,61
9901,NONHSAG025823,61
1142,NONHSAG028882,60
5763,NONHSAG026068,60
5778,NONHSAG001344,60
7680,NONHSAG024955,60
8321,NONHSAG016768,60
378,NONHSAG035397,59
781,NONHSAG042103,59
1023,NONHSAG017631,59
4509,NONHSAG027924,59
5064,NONHSAG019841,59
5325,NONHSAG034421,59
5897,NONHSAG005455,59
6779,NONHSAG015179,59
7137,NONHSAG043318,59
7759,NONHSAG006341,59
8267,NONHSAG033690,59
9428,NONHSAG033024,59
9494,NONHSAG019860,59
9746,NONHSAG040333,59
1120,NONHSAG024799,58
1273,NONHSAG018749,58
1390,NONHSAG033301,58
2960,NONHSAG050819,58
3522,NONHSAG024488,58
5142,NONHSAG027005,58
5181,NONHSAG021818,58
6041,NONHSAG041473,58
6437,NONHSAG027293,58
6921,NONHSAG024587,58
7781,NONHSAG038350,58
8777,NONHSAG049421,58
8845,NONHSAG017009,58
2652,NONHSAG001765,57
3400,NONHSAG021978,57
3426,NONHSAG027351,57
3876,NONHSAG037036,57
5913,NONHSAG041707,57
6809,NONHSAG025352,57
7023,NONHSAG040143,57
7061,NONHSAG024622,57
8630,NONHSAG032863,57
9248,NONHSAG047088,57
2352,NONHSAG025119,56
2487,NONHSAG022981,56
3100,NONHSAG027951,56
3908,NONHSAG054981,56
3931,NONHSAG051568,56
4302,NONHSAG032394,56
4970,NONHSAG025366,56
5797,NONHSAG018905,56
5908,NONHSAG022082,56
35,NONHSAG026386,55
1195,NONHSAG026520,55
1734,NONHSAG043010,55
3265,NONHSAG014235,55
3799,NONHSAG011439,55
4627,NONHSAG034492,55
7243,NONHSAG044022,55
8455,NONHSAG032157,55
9950,NONHSAG010965,55
571,NONHSAG021113,54
816,NONHSAG029639,54
2685,NONHSAG025483,54
3127,NONHSAG026564,54
3395,NONHSAG024397,54
4431,NONHSAG032407,54
5626,NONHSAG021332,54
6144,NONHSAG047050,54
6306,NONHSAG018223,54
8354,NONHSAG020390,54
8383,NONHSAG030333,54
9312,NONHSAG049871,54
1173,NONHSAG051196,53
4684,NONHSAG026406,53
5278,NONHSAG048146,53
6473,NONHSAG028200,53
7375,NONHSAG002651,53
8934,NONHSAG016037,53
9159,NONHSAG032780,53
9305,NONHSAG013760,53
783,NONHSAG035838,52
1508,NONHSAG018266,52
2059,NONHSAG028720,52
2076,NONHSAG033348,52
2438,NONHSAG014274,52
2824,NONHSAG043250,52
3846,NONHSAG041689,52
5218,NONHSAG007380,52
5939,NONHSAG052943,52
7956,NONHSAG048564,52
8575,NONHSAG040784,52
8675,NONHSAG026781,52
9614,NONHSAG021970,52
549,NONHSAG011269,51
1651,NONHSAG015897,51
1953,NONHSAG040774,51
3455,NONHSAG025200,51
3470,NONHSAG047841,51
3825,NONHSAG000301,51
4626,NONHSAG015001,51
5936,NONHSAG012484,51
6003,NONHSAG025203,51
6195,NONHSAG040972,51
7102,NONHSAG015510,51
7700,NONHSAG013808,51
7748,NONHSAG024282,51
7921,NONHSAG026130,51
8076,NONHSAG037131,51
9702,NONHSAG011267,51
85,NONHSAG032664,50
1083,NONHSAG028195,50
1717,NONHSAG043582,50
1958,NONHSAG019125,50
2047,NONHSAG048839,50
2127,NONHSAG006038,50
5237,NONHSAG018643,50
6545,NONHSAG017166,50
6561,NONHSAG041317,50
9909,NONHSAG053892,50
647,NONHSAG015962,49
2313,NONHSAG034827,49
2816,NONHSAG031617,49
2887,NONHSAG041532,49
3060,NONHSAG041731,49
4331,NONHSAG032604,49
5242,NONHSAG014267,49
5745,NONHSAG026986,49
5769,NONHSAG046850,49
7462,NONHSAG044119,49
7507,NONHSAG025968,49
7779,NONHSAG031042,49
9848,NONHSAG033386,49
261,NONHSAG040432,48
684,NONHSAG029596,48
1329,NONHSAG023614,48
2793,NONHSAG039679,48
2906,NONHSAG019269,48
3247,NONHSAG024506,48
3922,NONHSAG026838,48
4904,NONHSAG030790,48
8346,NONHSAG024455,48
9222,NONHSAG022040,48
142,NONHSAG033036,47
2151,NONHSAG035211,47
3011,NONHSAG018203,47
5219,NONHSAG017906,47
6284,NONHSAG030238,47
6977,NONHSAG047082,47
8695,NONHSAG029907,47
8865,NONHSAG033122,47
8987,NONHSAG029042,47
9745,NONHSAG051997,47
1820,NONHSAG024864,46
3929,NONHSAG026399,46
4999,NONHSAG001375,46
5598,NONHSAG050725,46
5643,NONHSAG023918,46
5861,NONHSAG030099,46
5922,NONHSAG034422,46
6441,NONHSAG034933,46
7304,NONHSAG021192,46
7345,NONHSAG026854,46
7585,NONHSAG029634,46
644,NONHSAG051511,45
3368,NONHSAG004197,45
4285,NONHSAG000879,45
4422,NONHSAG018326,45
5376,NONHSAG032503,45
5989,NONHSAG008220,45
7624,NONHSAG002827,45
973,NONHSAG028595,44
1164,NONHSAG048239,44
2759,NONHSAG038663,44
2891,NONHSAG046751,44
3238,NONHSAG039785,44
3916,NONHSAG022930,44
3997,NONHSAG025601,44
4260,NONHSAG034738,44
4411,NONHSAG049312,44
6422,NONHSAG028819,44
6539,NONHSAG009677,44
6881,NONHSAG034413,44
7019,NONHSAG017716,44
9334,NONHSAG055089,44
9423,NONHSAG033539,44
168,NONHSAG032624,43
2567,NONHSAG023192,43
2576,NONHSAG035401,43
3067,NONHSAG030987,43
3267,NONHSAG029750,43
4254,NONHSAG026925,43
4739,NONHSAG024367,43
5091,NONHSAG007512,43
1378,NONHSAG023752,42
1444,NONHSAG020099,42
2141,NONHSAG017881,42
2945,NONHSAG033621,42
3213,NONHSAG054937,42
4491,NONHSAG025970,42
4791,NONHSAG050940,42
6629,NONHSAG044916,42
7676,NONHSAG028811,42
9296,NONHSAG029330,42
1097,NONHSAG035078,41
1288,NONHSAG019270,41
1323,NONHSAG028898,41
1420,NONHSAG027247,41
1616,NONHSAG024396,41
1745,NONHSAG035860,41
2207,NONHSAG025749,41
2454,NONHSAG026360,41
2543,NONHSAG027997,41
3887,NONHSAG022448,41
3956,NONHSAG055492,41
4563,NONHSAG030798,41
4588,NONHSAG009602,41
7021,NONHSAG030358,41
7437,NONHSAG013534,41
7472,NONHSAG014032,41
7711,NONHSAG034348,41
7970,NONHSAG036423,41
8137,NONHSAG030113,41
8331,NONHSAG019570,41
9955,NONHSAG044114,41
765,NONHSAG013643,40
1315,NONHSAG026842,40
1875,NONHSAG045491,40
2040,NONHSAG028210,40
2120,NONHSAG018903,40
2131,NONHSAG039987,40
2209,NONHSAG021321,40
2367,NONHSAG029926,40
2505,NONHSAG048067,40
3714,NONHSAG025668,40
3798,NONHSAG022983,40
3860,NONHSAG046940,40
4481,NONHSAG032772,40
5605,NONHSAG025585,40
5754,NONHSAG018296,40
6962,NONHSAG010430,40
7465,NONHSAG030660,40
7491,NONHSAG003512,40
8004,NONHSAG027783,40
8967,NONHSAG034711,40
9219,NONHSAG024171,40
9367,NONHSAG030038,40
929,NONHSAG006668,39
1461,NONHSAG026601,39
2189,NONHSAG044192,39
2202,NONHSAG027294,39
2568,NONHSAG048411,39
4128,NONHSAG047168,39
4370,NONHSAG022989,39
6640,NONHSAG021742,39
8546,NONHSAG017632,39
9167,NONHSAG052606,39
9482,NONHSAG027513,39
9507,NONHSAG049418,39
9895,NONHSAG049200,39
403,NONHSAG046736,38
2011,NONHSAG028912,38
2094,NONHSAG053890,38
2383,NONHSAG045306,38
2691,NONHSAG008916,38
3208,NONHSAG024523,38
4533,NONHSAG053896,38
5115,NONHSAG041716,38
5865,NONHSAG026263,38
6191,NONHSAG018260,38
6608,NONHSAG006215,38
6737,NONHSAG007347,38
7865,NONHSAG028823,38
8215,NONHSAG034305,38
8573,NONHSAG033776,38
368,NONHSAG016155,37
1093,NONHSAG022825,37
1217,NONHSAG007898,37
1322,NONHSAG044770,37
1654,NONHSAG053894,37
3717,NONHSAG021335,37
4788,NONHSAG001118,37
5532,NONHSAG028135,37
6923,NONHSAG009085,37
7750,NONHSAG018372,37
8156,NONHSAG007833,37
8160,NONHSAG018973,37
8916,NONHSAG015788,37
10,NONHSAG053895,36
37,NONHSAG024719,36
1428,NONHSAG028820,36
1456,NONHSAG014583,36
2017,NONHSAG050913,36
2630,NONHSAG035536,36
3142,NONHSAG024524,36
3885,NONHSAG042042,36
4043,NONHSAG026006,36
5066,NONHSAG011268,36
5259,NONHSAG040258,36
5296,NONHSAG043140,36
5957,NONHSAG012247,36
6318,NONHSAG010301,36
9037,NONHSAG017366,36
9335,NONHSAG025219,36
9556,NONHSAG020480,36
9626,NONHSAG030336,36
9639,NONHSAG044909,36
2109,NONHSAG049521,35
2199,NONHSAG055086,35
2948,NONHSAG016607,35
3084,NONHSAG041692,35
3197,NONHSAG032777,35
3339,NONHSAG040436,35
4535,NONHSAG037226,35
4745,NONHSAG026758,35
5552,NONHSAG027840,35
6011,NONHSAG021411,35
6142,NONHSAG037532,35
8665,NONHSAG039347,35
9597,NONHSAG000628,35
149,NONHSAG049366,34
409,NONHSAG047620,34
3266,NONHSAG041723,34
3599,NONHSAG046781,34
4824,NONHSAG009256,34
5841,NONHSAG011461,34
6670,NONHSAG003635,34
7815,NONHSAG031651,34
937,NONHSAG042460,33
1310,NONHSAG042927,33
1376,NONHSAG036523,33
1865,NONHSAG007409,33
2195,NONHSAG051532,33
2395,NONHSAG028817,33
2412,NONHSAG024265,33
2749,NONHSAG047465,33
2751,NONHSAG028719,33
3398,NONHSAG053891,33
5608,NONHSAG030691,33
6143,NONHSAG027432,33
6412,NONHSAG019462,33
7157,NONHSAG051542,33
7180,NONHSAG009429,33
150,NONHSAG023287,32
750,NONHSAG043183,32
818,NONHSAG047183,32
1532,NONHSAG025157,32
2470,NONHSAG029033,32
2915,NONHSAG055759,32
3730,NONHSAG054784,32
4581,NONHSAG027845,32
5243,NONHSAG018641,32
5435,NONHSAG026095,32
7237,NONHSAG020184,32
7310,NONHSAG020721,32
7342,NONHSAG046737,32
7425,NONHSAG006890,32
7854,NONHSAG017897,32
7963,NONHSAG013960,32
8034,NONHSAG013949,32
8270,NONHSAG006966,32
9350,NONHSAG021494,32
9546,NONHSAG013473,32
123,NONHSAG026924,31
186,NONHSAG006723,31
413,NONHSAG036876,31
1072,NONHSAG042176,31
1733,NONHSAG045383,31
2205,NONHSAG032447,31
2526,NONHSAG049328,31
3153,NONHSAG032463,31
3194,NONHSAG054360,31
3236,NONHSAG049350,31
3801,NONHSAG049537,31
4140,NONHSAG040166,31
4148,NONHSAG019755,31
4615,NONHSAG026657,31
5065,NONHSAG050548,31
5277,NONHSAG047471,31
5688,NONHSAG019154,31
6988,NONHSAG041764,31
7619,NONHSAG027734,31
8214,NONHSAG026722,31
8226,NONHSAG014611,31
8436,NONHSAG019668,31
139,NONHSAG018356,30
760,NONHSAG042273,30
971,NONHSAG025958,30
2114,NONHSAG026157,30
2507,NONHSAG033519,30
2602,NONHSAG026853,30
2605,NONHSAG029519,30
3457,NONHSAG000008,30
3792,NONHSAG016418,30
3955,NONHSAG028242,30
5814,NONHSAG017480,30
7771,NONHSAG030552,30
7777,NONHSAG040864,30
7847,NONHSAG037205,30
8390,NONHSAG041820,30
8671,NONHSAG008133,30
8803,NONHSAG046912,30
8880,NONHSAG041976,30
9121,NONHSAG051166,30
174,NONHSAG025485,29
545,NONHSAG051400,29
787,NONHSAG024519,29
837,NONHSAG033921,29
1003,NONHSAG039165,29
1894,NONHSAG034884,29
2035,NONHSAG016686,29
2138,NONHSAG004743,29
2628,NONHSAG018893,29
2959,NONHSAG026433,29
3095,NONHSAG042430,29
3126,NONHSAG028243,29
3399,NONHSAG001012,29
3657,NONHSAG016514,29
3659,NONHSAG034569,29
3921,NONHSAG022004,29
4134,NONHSAG041985,29
4544,NONHSAG024291,29
5518,NONHSAG013524,29
5711,NONHSAG031976,29
5917,NONHSAG030976,29
5934,NONHSAG036748,29
6435,NONHSAG014852,29
7040,NONHSAG019962,29
7593,NONHSAG041153,29
7869,NONHSAG048895,29
7894,NONHSAG008511,29
8685,NONHSAG013847,29
9598,NONHSAG008743,29
9699,NONHSAG038551,29
9829,NONHSAG050716,29
486,NONHSAG023104,28
678,NONHSAG048718,28
898,NONHSAG009145,28
1359,NONHSAG021408,28
1981,NONHSAG025655,28
3002,NONHSAG046946,28
3043,NONHSAG039437,28
3119,NONHSAG001360,28
3884,NONHSAG024408,28
4177,NONHSAG024826,28
4430,NONHSAG005343,28
4473,NONHSAG022628,28
4686,NONHSAG032733,28
5221,NONHSAG015581,28
5285,NONHSAG014083,28
5665,NONHSAG027682,28
6103,NONHSAG041486,28
6650,NONHSAG036477,28
6862,NONHSAG026059,28
6865,NONHSAG024518,28
8162,NONHSAG047445,28
8772,NONHSAG014454,28
8956,NONHSAG051258,28
9012,NONHSAG024293,28
9409,NONHSAG033134,28
9497,NONHSAG020621,28
9579,NONHSAG047406,28
539,NONHSAG044098,27
841,NONHSAG047237,27
1197,NONHSAG011841,27
1330,NONHSAG025985,27
2972,NONHSAG040089,27
3675,NONHSAG018659,27
4164,NONHSAG025206,27
4402,NONHSAG042836,27
5601,NONHSAG031063,27
6302,NONHSAG001852,27
6927,NONHSAG009897,27
7450,NONHSAG046903,27
7568,NONHSAG025939,27
7719,NONHSAG054468,27
7822,NONHSAG051320,27
7837,NONHSAG040804,27
89,NONHSAG048405,26
230,NONHSAG047066,26
832,NONHSAG019060,26
1431,NONHSAG027695,26
1902,NONHSAG015795,26
2449,NONHSAG044603,26
2532,NONHSAG007647,26
3040,NONHSAG018788,26
3094,NONHSAG049041,26
3228,NONHSAG009530,26
4334,NONHSAG031831,26
4344,NONHSAG052890,26
4492,NONHSAG025054,26
5290,NONHSAG024516,26
6765,NONHSAG022972,26
6886,NONHSAG025649,26
7229,NONHSAG018028,26
7726,NONHSAG040193,26
8327,NONHSAG030742,26
8639,NONHSAG028034,26
8925,NONHSAG033566,26
9033,NONHSAG029577,26
9109,NONHSAG013962,26
9253,NONHSAG051899,26
354,NONHSAG018250,25
1184,NONHSAG041979,25
2288,NONHSAG026645,25
2473,NONHSAG010565,25
2688,NONHSAG040851,25
2711,NONHSAG047191,25
2955,NONHSAG033569,25
3029,NONHSAG055350,25
3575,NONHSAG022089,25
3747,NONHSAG047189,25
4195,NONHSAG001722,25
4502,NONHSAG024536,25
4738,NONHSAG023919,25
4817,NONHSAG021976,25
4867,NONHSAG025049,25
5212,NONHSAG031579,25
5300,NONHSAG007407,25
5787,NONHSAG041679,25
5825,NONHSAG010546,25
6088,NONHSAG036255,25
6254,NONHSAG013371,25
6328,NONHSAG024870,25
6488,NONHSAG035786,25
6551,NONHSAG027244,25
6771,NONHSAG042491,25
7490,NONHSAG026036,25
7944,NONHSAG040500,25
8000,NONHSAG030169,25
8091,NONHSAG026159,25
8330,NONHSAG028121,25
8448,NONHSAG019141,25
8990,NONHSAG050335,25
9240,NONHSAG024081,25
9450,NONHSAG015837,25
9496,NONHSAG020337,25
9587,NONHSAG040866,25
9854,NONHSAG025867,25
9864,NONHSAG034615,25
141,NONHSAG035965,24
687,NONHSAG018502,24
720,NONHSAG004844,24
887,NONHSAG016321,24
1500,NONHSAG032801,24
2442,NONHSAG034179,24
2503,NONHSAG041990,24
3701,NONHSAG034363,24
4160,NONHSAG053897,24
4229,NONHSAG013954,24
4500,NONHSAG053377,24
4541,NONHSAG041597,24
4644,NONHSAG046760,24
5081,NONHSAG048323,24
5738,NONHSAG018538,24
5794,NONHSAG041997,24
5808,NONHSAG026418,24
5840,NONHSAG042436,24
5937,NONHSAG023729,24
6078,NONHSAG054345,24
6146,NONHSAG022690,24
6166,NONHSAG026995,24
6527,NONHSAG054609,24
6641,NONHSAG043094,24
6715,NONHSAG030942,24
6769,NONHSAG008024,24
7356,NONHSAG032997,24
7521,NONHSAG024589,24
7972,NONHSAG024453,24
8588,NONHSAG029791,24
8725,NONHSAG025674,24
8773,NONHSAG006988,24
9071,NONHSAG031035,24
9139,NONHSAG011576,24
9256,NONHSAG028136,24
9268,NONHSAG048271,24
9393,NONHSAG011599,24
248,NONHSAG043405,23
360,NONHSAG050987,23
456,NONHSAG030417,23
476,NONHSAG006570,23
552,NONHSAG002167,23
1383,NONHSAG030469,23
1566,NONHSAG001167,23
1750,NONHSAG028178,23
1935,NONHSAG021101,23
2013,NONHSAG031956,23
2160,NONHSAG000831,23
2616,NONHSAG014666,23
2911,NONHSAG042495,23
2937,NONHSAG024365,23
3133,NONHSAG017577,23
3317,NONHSAG032540,23
3413,NONHSAG036555,23
3595,NONHSAG016410,23
3637,NONHSAG055453,23
4233,NONHSAG011390,23
4454,NONHSAG022088,23
4497,NONHSAG028938,23
4691,NONHSAG014947,23
4711,NONHSAG032881,23
4774,NONHSAG030880,23
5023,NONHSAG004629,23
5459,NONHSAG032688,23
5543,NONHSAG019101,23
6299,NONHSAG041553,23
6605,NONHSAG050102,23
6626,NONHSAG006566,23
6645,NONHSAG041334,23
6741,NONHSAG036923,23
6808,NONHSAG046756,23
6832,NONHSAG009258,23
7014,NONHSAG014134,23
7512,NONHSAG011264,23
7623,NONHSAG048934,23
7684,NONHSAG007440,23
7842,NONHSAG014187,23
7974,NONHSAG034281,23
7988,NONHSAG023503,23
8006,NONHSAG026656,23
8008,NONHSAG030459,23
8311,NONHSAG002095,23
8548,NONHSAG041070,23
8584,NONHSAG007708,23
9764,NONHSAG017972,23
9888,NONHSAG032711,23
120,NONHSAG032592,22
472,NONHSAG012658,22
568,NONHSAG041088,22
810,NONHSAG040916,22
1030,NONHSAG039617,22
1084,NONHSAG048559,22
1145,NONHSAG030440,22
1622,NONHSAG016924,22
1632,NONHSAG017330,22
1653,NONHSAG047504,22
1706,NONHSAG021413,22
1793,NONHSAG032405,22
1796,NONHSAG008243,22
1803,NONHSAG029984,22
2001,NONHSAG035498,22
2637,NONHSAG011873,22
2794,NONHSAG033916,22
2884,NONHSAG037096,22
3104,NONHSAG047249,22
3128,NONHSAG026396,22
3329,NONHSAG029739,22
3369,NONHSAG030613,22
3427,NONHSAG029447,22
3440,NONHSAG007125,22
3471,NONHSAG024834,22
3506,NONHSAG041264,22
3542,NONHSAG027185,22
3618,NONHSAG039597,22
3724,NONHSAG029925,22
3932,NONHSAG035045,22
4102,NONHSAG047454,22
4493,NONHSAG017356,22
5074,NONHSAG005113,22
5121,NONHSAG047336,22
5310,NONHSAG035924,22
5504,NONHSAG022204,22
5579,NONHSAG035238,22
6101,NONHSAG026659,22
6476,NONHSAG004450,22
6533,NONHSAG008705,22
7039,NONHSAG042608,22
7277,NONHSAG025816,22
7302,NONHSAG030432,22
7351,NONHSAG027260,22
7392,NONHSAG016014,22
7454,NONHSAG026856,22
7470,NONHSAG017967,22
7583,NONHSAG047160,22
7660,NONHSAG046852,22
7813,NONHSAG018396,22
7829,NONHSAG033588,22
7883,NONHSAG044926,22
7996,NONHSAG037129,22
8453,NONHSAG044611,22
8618,NONHSAG047572,22
8661,NONHSAG018901,22
8716,NONHSAG025761,22
8743,NONHSAG049306,22
8825,NONHSAG026338,22
9243,NONHSAG022501,22
9320,NONHSAG019500,22
9366,NONHSAG020032,22
9457,NONHSAG027195,22
9522,NONHSAG005688,22
9889,NONHSAG052727,22
102,NONHSAG022009,21
256,NONHSAG035680,21
286,NONHSAG048587,21
537,NONHSAG025059,21
585,NONHSAG007999,21
1107,NONHSAG002325,21
1402,NONHSAG047047,21
1432,NONHSAG024566,21
1698,NONHSAG027413,21
1839,NONHSAG054167,21
1904,NONHSAG040885,21
2022,NONHSAG041002,21
2280,NONHSAG026881,21
2372,NONHSAG004501,21
2502,NONHSAG027476,21
2548,NONHSAG046881,21
2737,NONHSAG027758,21
2846,NONHSAG030485,21
2898,NONHSAG024742,21
2936,NONHSAG013209,21
3000,NONHSAG030456,21
3481,NONHSAG030049,21
3720,NONHSAG018846,21
3739,NONHSAG040100,21
3795,NONHSAG023671,21
4145,NONHSAG044568,21
4192,NONHSAG011624,21
4276,NONHSAG033777,21
4542,NONHSAG042839,21
4657,NONHSAG047169,21
5025,NONHSAG016995,21
5346,NONHSAG030224,21
5844,NONHSAG036177,21
5970,NONHSAG040867,21
6080,NONHSAG040298,21
6220,NONHSAG013098,21
6594,NONHSAG006075,21
7242,NONHSAG037031,21
7289,NONHSAG026792,21
7322,NONHSAG006955,21
7951,NONHSAG025836,21
7962,NONHSAG015684,21
8074,NONHSAG025349,21
8081,NONHSAG000482,21
8192,NONHSAG015377,21
8582,NONHSAG006588,21
8874,NONHSAG003899,21
8938,NONHSAG029080,21
8973,NONHSAG021572,21
9168,NONHSAG029929,21
9175,NONHSAG031935,21
9547,NONHSAG032626,21
9814,NONHSAG001878,21
